{
  "train_loss": [
    0.7512533425043026,
    0.6309650896737973,
    0.5728644319499533,
    0.5263947966819008,
    0.49327486703793205,
    0.4657277278602123,
    0.4419097295651833,
    0.42477712392186123,
    0.406868861677746,
    0.39567702943459154,
    0.3807439606636763,
    0.3726349701794485,
    0.3583713716827333,
    0.34807391638557117,
    0.3375778975586096,
    0.3321674232371151,
    0.3219345699374874,
    0.3128819564978282
  ],
  "train_miou": [
    0.3974066349302953,
    0.42833295758612183,
    0.4444934843271445,
    0.45482882085068227,
    0.46439838989101334,
    0.4725248151512737,
    0.4800851024332728,
    0.48480393298694335,
    0.491337653587183,
    0.49449140465471636,
    0.5002162738298451,
    0.5021079947040671,
    0.5081775189093235,
    0.5124871375128572,
    0.5166369620517722,
    0.5190353336940181,
    0.5237693785138207,
    0.5280898445323892
  ],
  "val_loss": [
    0.7478568493078153,
    0.8197889321794113,
    0.9962494110067686,
    1.0796353437627355,
    1.0554631371671954,
    1.0723908351734281,
    1.0825281906252107,
    1.2233670074492693,
    1.1073476729914546,
    1.2080939264968038,
    1.1620523698007068,
    1.2374797558411956,
    1.2312160436064006,
    1.300563749919335,
    1.4288001709928115,
    1.4133694318433603,
    1.4765834666788578,
    1.6169340685630837
  ],
  "val_miou": [
    0.4543066574945958,
    0.4416617447011349,
    0.4447808360302202,
    0.45285378142382743,
    0.4574008107949052,
    0.45220961886930033,
    0.44729148568203647,
    0.45152895164664214,
    0.44773964679401695,
    0.4452881278704676,
    0.45130114151320244,
    0.44821296951393225,
    0.4435995522903371,
    0.44348620406886125,
    0.44117309327574034,
    0.44193717659459547,
    0.44687113137538986,
    0.44575241992440495
  ],
  "lr": [
    0.0009972883382072953,
    0.0009891830623632338,
    0.0009757729755661011,
    0.0009572050015330874,
    0.0009336825748732973,
    0.0009054634122155991,
    0.0008728566886113102,
    0.0008362196501476349,
    0.0007959536998847742,
    0.0007525,
    0.0007063346383225212,
    0.000657963412215599,
    0.0006079162869547909,
    0.0005567415893174886,
    0.0005050000000000002,
    0.0004532584106825117,
    0.00040208371304520916,
    0.00035203658778440114
  ]
}