{
  "train_loss": [
    0.29436899833381175,
    0.23019966490566732,
    0.21176922500133513,
    0.19502708174288272,
    0.18399298876523973,
    0.17968680292367936,
    0.17769352227449417,
    0.17611536502838135,
    0.17323777213692665,
    0.17053181417286395
  ],
  "train_miou": [
    0.5393903468145188,
    0.5837214128901108,
    0.6309763442644271,
    0.6400024160222655,
    0.645284976598819,
    0.6448674011231496,
    0.6479668072027126,
    0.6533640517718107,
    0.6727800356164108,
    0.6907154989420635
  ],
  "val_loss": [
    0.2623143145442009,
    0.2145581814646721,
    0.21160636872053146,
    0.19174076706171037,
    0.17893677055835724,
    0.1766549351811409,
    0.17649689733982085,
    0.19765040040016174,
    0.17050843596458434,
    0.16814569413661956
  ],
  "val_miou": [
    0.5530006917887996,
    0.6379989433527973,
    0.6356815768165438,
    0.6426565919085344,
    0.6439829261219824,
    0.6432615009856185,
    0.6563489557887955,
    0.6691916733622957,
    0.6964108646715026,
    0.7037648737954522
  ],
  "lr": [
    0.0009939057285945933,
    0.0009757729755661012,
    0.0009460482294732422,
    0.0009054634122155991,
    0.0008550178566873411,
    0.0007959536998847743,
    0.0007297252973710758,
    0.0006579634122155991,
    0.0005824350601949144,
    0.0005050000000000001
  ]
}