{
  "train_loss": [
    0.352177287855496,
    0.28963112495839594,
    0.2587718872042994,
    0.23742236547792953,
    0.2201494156072537,
    0.20773785713439186,
    0.1958974567707628,
    0.18766870844798783,
    0.1799759033601731,
    0.17287944614266357,
    0.16711254430313904,
    0.1622786436850826,
    0.15628185152697066,
    0.1523732156182329,
    0.14833792384403446,
    0.14506922977355619,
    0.14221309407924612,
    0.14115974817735452,
    0.13957188427448272,
    0.13876451345471044
  ],
  "train_miou": [
    0.5828906199063577,
    0.6326149512573507,
    0.6550545933148292,
    0.6731710090030097,
    0.6871196893639993,
    0.6959004972969323,
    0.705047799672905,
    0.7123771335607902,
    0.7191117564500996,
    0.7249282890943869,
    0.7304520720583358,
    0.7340717291613628,
    0.7399624113388603,
    0.7439396151137571,
    0.7476431498481801,
    0.7512912485410816,
    0.7541320549944486,
    0.7552830565566275,
    0.7572771317780769,
    0.7574654454658438
  ],
  "val_loss": [
    0.3343595466886958,
    0.3574965462088585,
    0.41042508898923796,
    0.37258175257593396,
    0.41638069742669664,
    0.4863955025250713,
    0.4394852169478933,
    0.4580095551908016,
    0.49186824715385835,
    0.5308319160093864,
    0.5527315821498633,
    0.5124122340232133,
    0.5457182117427389,
    0.595276571251452,
    0.6517813598737121,
    0.6582528553282221,
    0.6611466457446417,
    0.6553841780250271,
    0.6699133372555176,
    0.6682807433729371
  ],
  "val_miou": [
    0.6470475713682282,
    0.652256264898859,
    0.6721284553884538,
    0.642919201927308,
    0.6207004914192715,
    0.6557191591604089,
    0.6350730724899533,
    0.6128901698290805,
    0.6375974178773205,
    0.6408485932786253,
    0.6357443929721776,
    0.6219671067800296,
    0.6436450666871547,
    0.6354092781647271,
    0.6326447278539926,
    0.63845973293028,
    0.6472169885335082,
    0.6394300971954792,
    0.6411952618750739,
    0.6446474454391526
  ],
  "lr": [
    0.0009939057285945933,
    0.0009757729755661012,
    0.0009460482294732422,
    0.0009054634122155991,
    0.0008550178566873411,
    0.0007959536998847743,
    0.0007297252973710758,
    0.0006579634122155991,
    0.0005824350601949144,
    0.0005050000000000001,
    0.000427564939805086,
    0.0003520365877844012,
    0.00028027470262892445,
    0.0002140463001152259,
    0.00015498214331265904,
    0.00010453658778440108,
    6.395177052675796e-05,
    3.422702443389901e-05,
    1.6094271405406862e-05,
    1e-05
  ]
}