{
  "train_loss": [
    0.31872680770854156,
    0.25725449599946537,
    0.23081988204891482,
    0.21222493583336471,
    0.1961244118399918,
    0.18621250738700232,
    0.17689631859151025,
    0.16985095754886667,
    0.16251647405636807,
    0.15812467996341487,
    0.15164772847977778,
    0.1476132512713472,
    0.14377535631259283,
    0.1388384760202219,
    0.13524855280605455,
    0.13317332076840102,
    0.1303010212412725,
    0.12894075092238685,
    0.12767411495248476,
    0.12673193518227588
  ],
  "train_miou": [
    0.6037659206837929,
    0.6595960911879669,
    0.6817250997944106,
    0.6940402576556828,
    0.7058439511135105,
    0.7142461710993995,
    0.7210377415255458,
    0.7265994063603983,
    0.7331602146703255,
    0.7374085790966196,
    0.7431847113986629,
    0.7474905745102709,
    0.7518439228143243,
    0.7564454055698542,
    0.7600577756117346,
    0.7624792508874891,
    0.7661278203776989,
    0.767513328702917,
    0.7687693809224625,
    0.770334993957204
  ],
  "val_loss": [
    0.3020389460027218,
    0.3349397766093413,
    0.36082736576596897,
    0.37439908807476363,
    0.4028024096041918,
    0.40398534083118043,
    0.5212092964289089,
    0.506078462023288,
    0.4684845360616843,
    0.46232963154713314,
    0.5890324475864569,
    0.5900482739632328,
    0.6266636330013474,
    0.6029860261206825,
    0.668797534238547,
    0.6587689678495129,
    0.6716550113943716,
    0.6829112992932399,
    0.7594821963459253,
    0.7013724318084618
  ],
  "val_miou": [
    0.6461252326150321,
    0.6508046481469467,
    0.6711187420021314,
    0.6622698835889954,
    0.629501796068942,
    0.6634042124785433,
    0.6695106756867085,
    0.6744037920082865,
    0.6650199638306383,
    0.6592737018939223,
    0.6635554075864843,
    0.6690242821518129,
    0.6692163468718548,
    0.6596377090810834,
    0.6621298469587883,
    0.6639303898983785,
    0.6665900988031838,
    0.6616879694272552,
    0.659512791503551,
    0.6627114250058148
  ],
  "lr": [
    0.0009939057285945933,
    0.0009757729755661012,
    0.0009460482294732422,
    0.0009054634122155991,
    0.0008550178566873411,
    0.0007959536998847743,
    0.0007297252973710758,
    0.0006579634122155991,
    0.0005824350601949144,
    0.0005050000000000001,
    0.000427564939805086,
    0.0003520365877844012,
    0.00028027470262892445,
    0.0002140463001152259,
    0.00015498214331265904,
    0.00010453658778440108,
    6.395177052675796e-05,
    3.422702443389901e-05,
    1.6094271405406862e-05,
    1e-05
  ]
}