{
  "train_loss": [
    0.28820819716590146,
    0.20161053803749382,
    0.1827725337818265,
    0.16985296042015155,
    0.16024208683520555,
    0.15281504658826936,
    0.1474462919946139,
    0.1427672800064708,
    0.13952547281514854,
    0.13659171580802648,
    0.1335843576428791,
    0.13101325339327255,
    0.1293238684690247,
    0.12771684902254493,
    0.12549223112097632,
    0.12402373841808488,
    0.12282345093165835,
    0.12090996739765009,
    0.11990705087470512,
    0.11848705495552471
  ],
  "train_miou": [
    0.4567477172984096,
    0.49266359168055285,
    0.5064589091171633,
    0.5190907015637082,
    0.5361260800690243,
    0.5516974752184785,
    0.5617972981073006,
    0.5706352166877268,
    0.5763086795246551,
    0.5813471356833592,
    0.587663849961563,
    0.5930334748924763,
    0.5961421031240974,
    0.5996691603624176,
    0.6008247097386581,
    0.6064619479638457,
    0.6084520087643407,
    0.611424277706743,
    0.6138037425273971,
    0.615494614289302
  ],
  "val_loss": [
    0.18158397454147537,
    0.1983078388342013,
    0.20891852951608597,
    0.20632026945240795,
    0.2263760074429835,
    0.22154630622826516,
    0.2334810946136713,
    0.23266591744031756,
    0.24414328966134538,
    0.24037481433867167,
    0.23427111776545645,
    0.2581165626877919,
    0.2515050161164254,
    0.26242940066537507,
    0.264477523152406,
    0.24832254320693511,
    0.2462088933835427,
    0.2683823563003292,
    0.2508167090204855,
    0.2619150577268253
  ],
  "val_miou": [
    0.46392327484334306,
    0.4597074840385557,
    0.4630103040170482,
    0.4651435083191397,
    0.461715315354624,
    0.46074646138261494,
    0.45774893130739897,
    0.46218865791418956,
    0.45315341061247655,
    0.454975666226815,
    0.45772904292813554,
    0.4541770243553736,
    0.4483686835313258,
    0.457447014493548,
    0.45627556566727406,
    0.4588804379011146,
    0.4591478409310839,
    0.45341261063651056,
    0.4580811700737801,
    0.45447390494320183
  ],
  "lr": [
    0.001,
    0.001,
    0.001,
    0.001,
    0.001,
    0.001,
    0.001,
    0.001,
    0.001,
    0.001,
    0.001,
    0.001,
    0.001,
    0.001,
    0.001,
    0.001,
    0.001,
    0.001,
    0.001,
    0.001
  ]
}