{
  "train_loss": [
    0.35102659023056426,
    0.29461061491941415,
    0.26702672193447746,
    0.24321212094898026,
    0.22513182973489165,
    0.21136124630769093,
    0.19989531721609335,
    0.19036291915302475,
    0.18337746672332286,
    0.17549943742342294,
    0.17042485551598172,
    0.16502309034888943,
    0.15988251163313785,
    0.15568665571821233,
    0.15208456274122,
    0.14870596922313173,
    0.145503634121269,
    0.144292529936259,
    0.1428043834865093,
    0.14217723511780303
  ],
  "train_miou": [
    0.5894811691843854,
    0.6300129286881939,
    0.6521529770482869,
    0.6701800138169436,
    0.6829069236963363,
    0.692835365051121,
    0.7012259701874914,
    0.7086764145385154,
    0.7153365799602904,
    0.7207363847172081,
    0.725846018647769,
    0.730595674193286,
    0.7351190713828138,
    0.7395595077245611,
    0.7430133650857399,
    0.7463340204397515,
    0.7491600073359939,
    0.7507508357201831,
    0.7525071773371111,
    0.7530823929066917
  ],
  "val_loss": [
    0.33551233808199565,
    0.3521331841746966,
    0.3684734184294939,
    0.3661587188020349,
    0.4414534109334151,
    0.46775113344192504,
    0.42243209990362324,
    0.525459093786776,
    0.48487943479170403,
    0.4917465232933561,
    0.58482119149218,
    0.6179943817357222,
    0.6341900886657338,
    0.5924031444204351,
    0.665981280306975,
    0.6217300592921674,
    0.6424236876890064,
    0.6721541276512046,
    0.6754009632393718,
    0.6872013727823894
  ],
  "val_miou": [
    0.6361107215853598,
    0.6419411969636082,
    0.6199419975690967,
    0.6636319650157716,
    0.6547363870805641,
    0.6408108458453616,
    0.6523192522316763,
    0.6539245113651737,
    0.6181156337366032,
    0.6356316751802091,
    0.6553330024957281,
    0.6338144922434834,
    0.6506611008062464,
    0.6444515963990747,
    0.6433946149883372,
    0.642370046056984,
    0.6411279904548479,
    0.6397263211296509,
    0.6359399788260265,
    0.6356169863866259
  ],
  "lr": [
    0.0009939057285945933,
    0.0009757729755661012,
    0.0009460482294732422,
    0.0009054634122155991,
    0.0008550178566873411,
    0.0007959536998847743,
    0.0007297252973710758,
    0.0006579634122155991,
    0.0005824350601949144,
    0.0005050000000000001,
    0.000427564939805086,
    0.0003520365877844012,
    0.00028027470262892445,
    0.0002140463001152259,
    0.00015498214331265904,
    0.00010453658778440108,
    6.395177052675796e-05,
    3.422702443389901e-05,
    1.6094271405406862e-05,
    1e-05
  ]
}